Name,Address,City,State,Phone,Contact
ALHAMBRA,412 EAST MAIN STREET,ALHAMBRA,CA,(626) 299-5980,
,,,,,
ALHAMBRA,412 EAST MAIN STREET,ALHAMBRA,CA,(626) 299-5980,
,,,,,
ANAHEIM HILLS,5757 SANTA ANA CANYON RD.,ANAHEIM HILLS,CA,(714) 282-3931,
,,,,,
CERRITOS - ALONDRA BLVD,10802 ALONDRA BLVD.,CERRITOS,CA,(562) 924-8737,
,,,,,
CHINO,14485 PIPELINE AVE.,CHINO,CA,(909) 393-3101,
CORAL SPRINGS - UNIVERSITY DR,2633 UNIVERSITY DRIVE,CORAL SPRINGS,FL,(954) 755-3300,
,,,,,
,,,,,
,,,,,
,,,,,
DIAMOND BAR,20801 GOLDEN SPRINGS DR.,DIAMOND BAR,CA,(909) 595-0045,
FOUNTAIN VALLEY,10115 TALBERT AVENUE,FOUNTAIN VALLEY,CA,(714) 962-1374,
,,,,,
,,,,,
,,,,,
,,,,,
KENDALL - SW 124TH,8555 SW 124TH AVENUE,MIAMI,FL,(305) 412-9097,
,,,,,
,,,,,
,,,,,
,,,,,
,,,,,
,,,,,
MIRACLE MILE,5950 WILSHIRE BLVD.,MIRACLE MILE,CA,(323) 934-6150,
,,,,,
MOON VALLEY/PHOENIX NORTH,244 EAST GREENWAY PKWY.,PHOENIX,AZ,(602) 863-3830,
,,,,,
PASADENA - LAKE AVE,201 S. LAKE AVENUE,PASADENA,CA,(626) 568-3598,
E PEMBROKE PINES-N UNIVERSITY,350 N. UNIVERSITY DRIVE,PEMBROKE PINES,FL,(954) 438-7546,
,,,,,
,,,,,
,,,,,
,,,,,
SHERMAN OAKS,5300 COLDWATER CANYON,SHERMAN OAKS,CA,(818) 505-0772,
TEMPE,63 E. SOUTHERN AVENUE,TEMPE,AZ,(480) 829-0622,
BLOCK @ ORANGE,3901 W. METROPOLITAN DR.,ORANGE,CA,(714) 769-8000,
,,,,,
,,,,,
,,,,,
,,,,,
,,,,,
WESTWOOD,10921 WILSHIRE BLVD.,WESTWOOD,CA,(310) 209-5002,
,,,,,
LONG BEACH-CHERRY,2140 EAST CARSON ST.,LONG BEACH,CA,(562) 997-9176,
,,,,,
,,,,,
,,,,,
NORCO,1377 HAMNER AVE.,NORCO,CA,(951) 280-4477,
ENCINITAS,201 S. EL CAMINO REAL SUITE #A,ENCINITAS,CA,(760) 753-5600,
,,,,,
PEMBROKE PINES WEST/FLAMINGO,1900 N. FLAMINGO ROAD,W. PEMBROKE,FL,(954) 447-3840,
OXFORD VALLEY,7 CABOT BLVD.,LANGHORNE,PA,(215) 943-9500,
DADE COUNTY SOUTH,16051 S DIXIE HWY,MIAMI,FL,(305) 232-6778,
FORT LAUDERDALE,3825 N. FEDERAL HWY.,OAKLAND PARK,FL,(954) 567-2727,
TURNERSVILLE,5901 ROUTE 42,TURNERSVILLE,NJ,(856) 401-9688,
,,,,,
YORBA LINDA,16951 IMPERIAL HWY.,YORBA LINDA,CA,(714) 854-7936,
LA HABRA,1621 W. IMPERIAL HWY.,LA HABRA,CA,(562) 697-8899,
LA VERNE,1275 E. FOOTHILL BLVD.,LA VERNE,CA,(909) 392-1063,
,,,,,
,,,,,
,,,,,
,,,,,
,,,,,
,,,,,
,,,,,
,,,,,
,,,,,
,,,,,
,,,,,
"LENOX/BUCKHEAD, GA","3232 PEACHTREE ROAD NW, #A",ATLANTA,GA,(404) 233-8311,
,,,,,
,,,,,
,,,,,
,,,,,
,,,,,
,,,,,
,,,,,
,,,,,
,,,,,
,,,,,
,,,,,
,,,,,
,,,,,
,,,,,
,,,,,
,,,,,
,,,,,
,,,,,
,,,,,
,,,,,
,,,,,
LAKE FOREST,29400 PORTOLA PARKWAY,LAKE FOREST,CA,(949) 597-2077,
,,,,,
NORTHRIDGE,18679 DEVONSHIRE ST.,NORTHRIDGE,CA,(818) 832-5496,
VISTA,680 HACIENDA DR.,VISTA,CA,(760) 732-0072,
,,,,,
TORRANCE,3550 CARSON ST. SUITE 404,TORRANCE,CA,(310) 921-9890,
ESCONDIDO,362  W. EL NORTE PKWY,ESCONDIDO,CA,(760) 738-1347,
KEARNY MESA,4984 SHAWLINE ST,SAN DIEGO,CA,(858) 292-8810,
,,,,,
MURRIETA,40985 CALIFORNIA OAKS ROAD,MURRIETA,CA,(951) 600-9998,
REDLANDS,1035 PARKFORD DRIVE,REDLANDS,CA,(909) 798-2880,
CORONA SOUTH - COMPTON AVE,2355 COMPTON AVE,SOUTH CORONA,CA,(951) 898-1178,
GARDEN GROVE,11932 VALLEY VIEW STREET,GARDEN GROVE,CA,(714) 379-9744,
,,,,,
VENTURA,1760 VICTORIA AVENUE,VENTURA,CA,(805) 289-9907,
DORAL,10055 NW 41ST STREET,MIAMI,FL,(305) 593-5621,
SUNRISE,3500 N. UNIVERSITY DRIVE,SUNRISE,FL,(954) 572-0158,
BENSALEM,500 ROCK HILL DRIVE,BENSALEM,PA,(215) 357-4311,
EAST NORRITON/SWEDE SQUARE,2961 SWEDE ROAD,EAST NORRITON,PA,(610) 279-0383,
FT WASHINGTON,1175 VIRGINIA DRIVE,FORT WASHINGTON,PA,(215) 646-1131,
WARRINGTON,599 PAUL VALLEY ROAD,WARRINGTON,PA,(215) 918-0900,
,,,,,
,,,,,
SOUTHLAKE,7057 MOUNT ZION CIRCLE,MORROW,GA,(770) 960-0393,
PERIMETER POINTE,"1155 MOUNT VERNON HWY., STE 600",DUNWOODY,GA,(770) 350-4951,
,,,,,
,,,,,
,,,,,
,,,,,
,,,,,
,,,,,
,,,,,
,,,,,
,,,,,
,,,,,
,,,,,
,,,,,
,,,,,
HUNTINGDON VALLEY,2020 COUNTY LINE RD.,HUNTINGDON VLY,PA,(215) 364-8044,
"SPRINGFIELD, PA",825 BALTIMORE PIKE,SPRINGFIELD,PA,(610) 543-2006,
,,,,,
,,,,,
,,,,,
,,,,,
,,,,,
,,,,,
,,,,,
,,,,,
,,,,,
,,,,,
,,,,,
CHERRY HILL,2100 STATE HWY #38,CHERRY HILL,NJ,(856) 482-8565,
SANTA FE SPRINGS,13332 E. TELEGRAPH RD.,SANTA FE SPRINGS,CA,(562) 941-6200,
BOCA RATON WEST - STATE RD,20443 STATE RD 7 (BAY BB1),BOCA RATON,FL,(561) 482-1146,
,,,,,
AHWATUKEE WEST,4836 E. CHANDLER BLVD,PHOENIX,AZ,(480) 592-9090,
ANSLEY MALL,1544 PIEDMONT AVE NE SUITE 115,ATLANTA,GA,(404) 249-6463,
,,,,,
,,,,,
GLENDORA,820 S. GRAND AVENUE,GLENDORA,CA,(626) 335-5474,
HOLCOMB @ 400,1475 HOLCOMB BRIDGE RD STE 189,ROSWELL,GA,(770) 640-8137,
,,,,,
,,,,,
,,,,,
,,,,,
,,,,,
,,,,,
,,,,,
,,,,,
,,,,,
,,,,,
,,,,,
,,,,,
,,,,,
,,,,,
,,,,,
,,,,,
,,,,,
,,,,,
,,,,,
,,,,,
,,,,,
,,,,,
,,,,,
,,,,,
,,,,,
,,,,,
,,,,,
,,,,,
,,,,,
,,,,,
,,,,,
,,,,,
LA CIENEGA,1833 C. SOUTH LA CIENEGA BLVD,LOS ANGELES,CA,(310) 202-6823,
,,,,,
W PALM BEACH / N MILITARY TRAIL,1925 N. MILITARY TRAIL,WEST PALM BEACH,FL,(561) 683-1277,
HUNTERS CREEK,12700 SOUTH ORANGE BLOSSOM TRAIL,ORLANDO,FL,(407) 851-0102,
MONTGOMERYVILLE,120 GARDEN GOLF BLVD.,NORTH WALES,PA,(215) 361-6133,
SUGARLOAF,1860 DULUTH HIGHWAY,LAWRENCEVILLE,GA,(770) 822-2533,
WELLINGTON,10180 FOREST HILL BLVD.,WELLINGTON,FL,(561) 333-3358,
POWAY,12648 POWAY ROAD,POWAY,CA,(858) 748-6498,
,,,,,
SORRENTO VALLEY,10535 HEATER COURT,SAN DIEGO,CA,(858) 550-5912,
WINTER PARK @ STATE ROAD 436,1540 STATE ROAD 436,WINTER PARK,FL,(407) 388-2258,
MIAMI GARDENS,1580 NE MIAMI GARDENS DRIVE,N. MIAMI BEACH,FL,(305) 940-6249,
ALLENTOWN,1515 MAUCH CHUNK ROAD,ALLENTOWN,PA,(610) 432-7330,
,,,,,
,,,,,
,,,,,
,,,,,
,,,,,
,,,,,
,,,,,
,,,,,
,,,,,
,,,,,
,,,,,
,,,,,
,,,,,
,,,,,
,,,,,
,,,,,
,,,,,
,,,,,
,,,,,
,,,,,
,,,,,
IRVINE - JAMBOREE,2880 MICHELLE DRIVE,IRVINE,CA,(714) 505-8958,
,,,,,
TUCSON NORTH - WEST INA ROAD,2950 WEST INA ROAD,TUCSON,AZ,(520) 742-2881,
LAKE SUCCESS (Signature),1111 MARCUS AVENUE,NEW HYDE PARK,NY,(516) 355-2302,
RIVERSIDE-ALESSANDRO,19531 MISSION VILLAGE DR,RIVERSIDE,CA,(951) 780-4838,
EAST COBB,4400 ROSWELL ROAD SUITE 126,MARIETTA,GA,(770) 973-3370,
,,,,,
,,,,,
CAMELBACK @ I-51,2077 EAST CAMELBACK ROAD,PHOENIX,AZ,(602) 241-9800,
JOHNS CREEK,11720 MEDLOCK BRIDGE ROAD SUITE 400,DULUTH,GA,(770) 623-9433,
NORTH LAKE TUCKER,1990 WEST EXCHANGE PLACE,TUCKER,GA,(770) 414-0651,
DEERFIELD BEACH,1000 EAST HILLSBORO BLVD,DEERFIELD BEACH,FL,(954) 418-3330,
,,,,,
MIAMI WEST -SW 8TH STREET,14100 SW 8TH STREET,MIAMI,FL,(305) 222-1041,
ANDORRA,701 CATHEDRAL ROAD,PHILADELPHIA,PA,(215) 482-4088,
NORTH BRUNSWICK,536 MILLTOWN ROAD,NORTH BRUNSWICK,NJ,(732) 342-7440,
SAWGRASS,13999 WEST SUNRISE BLVD,SUNRISE,FL,(954) 838-7664,
,,,,,
CONWAY - MICHIGAN,4550 EAST MICHIGAN STREET,ORLANDO,FL,(407) 381-3133,
BALA CYNWYD,25 EAST CITY AVENUE,BALA CYNWYD,PA,(610) 664-4282,
SCOTTSDALE -SCOTTSDALE RD,1900 N. SCOTTSDALE ROAD,SCOTTSDALE,AZ,(480) 675-7600,
,,,,,
,,,,,
,,,,,
WATERFORD LAKES,815 ALAFAYA TRAIL,ORLANDO,FL,(407) 380-1526,
,,,,,
,,,,,
,,,,,
,,,,,
TUCSON - WILMOT RD.,240 SOUTH WILMOT RD,TUCSON,AZ,(520) 748-1295,
VALENCIA,28211 NEWHALL RANCH RD,VALENCIA,CA,(661) 294-0985,
BOYNTON BEACH,2290 N. CONGRESS AVENUE,BOYNTON BEACH,FL,(561) 364-5766,
COCONUT CREEK,5501 LYONS ROAD,COCONUT CREEK,FL,(954) 426-0625,
PISCATAWAY (Signature),200 NEW WORLD WAY,SOUTH PLAINFIELD,NJ,(908) 755-3104,
,,,,,
FARMINGDALE (Signature),2110 ROUTE #110 BROAD HOLLOW ROAD,FARMINGDALE,NY,(631) 293-4263,
LANCASTER,1300A LITITZ PIKE,LANCASTER,PA,(717) 295-1990,
GRESHAM,779 NW COUNCIL DRIVE,GRESHAM,OR,(503) 669-8818,
STAMFORD,52 SIXTH STREET,STAMFORD,CT,(203) 353-8810,
SOUTH MIAMI - SUNSET DRIVE,5701 SUNSET DRIVE SUITE#134,SOUTH MIAMI,FL,(305) 665-7846,
,,,,,
,,,,,
,,,,,
UNIVERSAL CITY,3400 CAHUENGA BLVD WEST,LOS ANGELES,CA,(323) 876-1076,
,,,,,
AKERS MILL,2995 COBB PARKWAY,ATLANTA,GA,(770) 956-9093,
EASTLAKE,2070 OTAY LAKES ROAD,CHULA VISTA,CA,(619) 397-7240,
TOCO HILLS,2880 N. DRUID HILL,ATLANTA,GA,(404) 321-2330,
PALM BEACH GARDENS/LAKE PARK,3176 NORTHLAKE BLVD,PALM BEACH GARDENS,FL,(561) 848-4170,
,,,,,
,,,,,
,,,,,
"HOLLYWOOD, FL",5591 SHERIDAN STREET,HOLLYWOOD,FL,(954) 985-0194,
,,,,,
,,,,,
,,,,,
,,,,,
,,,,,
,,,,,
,,,,,
TANASBOURNE/HILLSBORO,7410 NE IMBRIE DR,HILLSBORO,OR,(503) 640-7872,
"HOLLYWOOD BLVD, CA",7021 HOLLYWOOD BLVD.,LOS ANGELES,CA,(323) 462-5199,
MILL CREEK,15024 MAIN STREET,MILL CREEK,WA,(425) 379-9703,
KELLER,1861 MAIN STREET,KELLER,TX,(817) 562-3052,
OVIEDO,199 MITCHELL HAMMOCK ROAD,OVIEDO,FL,(407) 977-8177,
COLONIAL DRIVE EAST,2999 E. COLONIAL,ORLANDO,FL,(407) 896-1202,
TEMECULA,39716 WINCHESTER ROAD,TEMECULA,CA,(951) 676-1601,
ALPHARETTA/WINDWARD,"5530 WINDWARD PARKWAY, SUITE H",ALPHARETTA,GA,(678) 393-2733,
UNION HILLS,18295 NORTH 83RD AVE,GLENDALE,AZ,(623) 334-9111,
MISSOURI CITY,5402 HIGHWAY 6,MISSOURI CITY,TX,(281) 208-8310,
FRISCO,9190 STATE HIGHWAY 121,FRISCO,TX,(214) 705-7814,
,,,,,
,,,,,
SNELLVILLE,2279 PINEHURST RD,SNELLVILLE,GA,(770) 979-1288,
,,,,,
SANTA CLARITA,26455 GOLDEN VALLEY ROAD,SANTA CLARITA,CA,(661) 254-8268,
,,,,,
MCKINNEY,2875 S. CENTRAL EXPRESSWAY,MCKINNEY,TX,(469) 952-2319,
,,,,,
,,,,,
,,,,,
MT LAUREL,4300 DEARBORN CIRCLE,MT. LAUREL,NJ,(856) 638-0419,
,,,,,
KATY,19550 RESTAURANT ROW,HOUSTON,TX,(281) 578-0115,
WEST OAKS,9025 HIGHWAY 6 SOUTH,HOUSTON,TX,(281) 575-0070,
,,,,,
PLANO SOUTH - W PRES GWB HWY,3701 W. PRESIDENT GEORGE W. BUSH HWY,PLANO,TX,(972) 964-5916,
LAS COLINAS,5550 N. MACARTHUR BLVD.,IRVING,TX,(972) 580-7528,
PRESTON @ LBJ,13130 PRESTON RD NEAR LBJ FRWY,DALLAS,TX,(214) 360-9528,
ROWLETT,4401 LAKEVIEW PARKWAY,ROWLETT,TX,(972) 463-3301,
BELLEVUE - 106TH AVE,550 106TH AVENUE NE  SUITE 215,BELLEVUE,WA,(425) 688-8700,
MORENO VALLEY - CANYON SPRINGS,2600 CANYON SPRINGS PARKWAY,RIVERSIDE,CA,(951) 653-3240,
CAMP CREEK,"3755 CARMIA DR. SW, SUITE 700",ATLANTA,GA,(404) 344-1248,
MESA/SUPERSTITION,1905 SOUTH SIGNAL BUTTE,MESA,AZ,(480) 984-4900,
SOUTH WINDSOR,100 CEDAR AVE,SOUTH WINDSOR,CT,(860) 644-5552,
ARLINGTON SOUTH - LITTLE RD,4850 LITTLE RD,ARLINGTON,TX,(817) 478-2492,
,,,,,
HOLMDEL,2101 ROUTE 35,HOLMDEL,NJ,(732) 757-0051,
4S RANCH,16913 DOVE CANYON RD,SAN DIEGO,CA,(858) 676-6806,
MCCORMICK RANCH,7365 N. VIA PASEO DEL SUR,SCOTTSDALE,AZ,(480) 483-3100,
BEAVERTON,2800 SW HOCKEN AVE,BEAVERTON,OR,(503) 627-0737,
FEDERAL WAY,35009 ENCHANTED PARKWAY SOUTH,FEDERAL WAY,WA,(253) 838-5900,
SEATTLE - AURORA AVE NORTH,13244 AURORA AVE NORTH,SEATTLE,WA,(206) 973-0232,
CYPRESS,12304 BARKER CYPRESS ROAD,CYPRESS,TX,(281) 304-6500,
ELDRIDGE PKWY @ BRIAR FOREST,1555 ELDRIDGE PARKWAY,HOUSTON,TX,(281) 558-3801,
FT WORTH SOUTH -ALTA MESA BLVD,3560 ALTAMESA BLVD.,FORT WORTH,TX,(817) 361-6775,
HIGHLAND VILLAGE,3198 JUSTIN ROAD (FM 407),HIGHLAND VILLAGE,TX,(972) 317-9320,
SILVER SPRING,8616 CAMERON ST,SILVER SPRING,MD,(301) 589-2323,
,,,,,
PLANO EAST - K AVENUE,6101 K AVE,PLANO,TX,(972) 517-0294,
LEWISVILLE,798 VISTA RIDGE MALL DRIVE,LEWISVILLE,TX,(972) 315-2300,
UPLAND/210 FWY,1351 E. 19TH STREET,UPLAND,CA,(909) 985-1050,
HAMDEN,46 SKIFF STREET,HAMDEN,CT,(203) 287-9989,
CAMP HILL,3321 TRINDLE ROAD,CAMP HILL,PA,(717) 731-1015,
HAZEL DELL,7607 NE 5TH AVENUE,VANCOUVER,WA,(360) 546-3400,
,,,,,
,,,,,
,,,,,
EVANSTON,1618 SHERMAN AVENUE,EVANSTON,IL,(847) 864-9750,
STERLING VA,21074 DULLES TOWN CIRCLE,STERLING,VA,(703) 444-0302,
,,,,,
WAYNE,1070 HAMBURG TURNPIKE,WAYNE,NJ,(973) 694-0175,
STATEN ISLAND -EAST SERVICE RD (Signature),145 EAST SERVICE ROAD,STATEN ISLAND,NY,(718) 761-5606,
,,,,,
MARQ*E,"7620 KATY FREEWAY, STE. 200",HOUSTON,TX,(713) 984-8844,
ARLINGTON NORTH - I30 & COLLINS,141 ROAD TO SIX FLAGS ST. W,ARLINGTON,TX,(817) 469-1384,
LAKE HIGHLANDS,7211 SKILLMAN STREET,DALLAS,TX,(214) 341-0115,
SPRING,20127 INTERSTATE 45 NORTH,SPRING,TX,(281) 350-4298,
KLEIN,7422 LOUETTA RD,SPRING,TX,(281) 374-0048,
TINLEY PARK (Signature),18400 CONVENTION CENTER DRIVE,TINLEY PARK,IL,(708) 429-7050,
EULESS,2600 HIGHWAY 121,EULESS,TX,(817) 283-2115,
GRAND PRAIRIE,2803 WEST INTERSTATE HIGHWAY 20,GRAND PRAIRIE,TX,(972) 237-0084,
BOCA RATON EAST-TECHNOLOGY WAY,4950 TECHNOLOGY WAY,BOCA RATON,FL,(561) 206-3034,
,,,,,
FONTANA,16289 SIERRA LAKES PARKWAY,FONTANA,CA,(909) 743-5922,
SAN MARCOS,125 N TWIN OAKS VALLEY RD,SAN MARCOS,CA,(760) 744-3354,
WYOMISSING,1183 BERKSHIRE BLVD.,WYOMISSING,PA,(610) 373-6515,
,,,,,
RICHARDSON,1451 E. BELTLINE RD,RICHARDSON,TX,(214) 646-1382,
HANOVER PARK,7650 NORTH BARRINGTON ROAD,HANOVER PARK,IL,(630) 289-7738,
,,,,,
PORT ST. LUCIE - SW VILLAGE,10624 SW VILLAGE PARKWAY,PORT ST LUCIE,FL,(772) 345-2850,
,,,,,
,,,,,
PICO RIVERA,8909 WASHINGTON BLVD,PICO RIVERA,CA,(562) 801-0637,
TUCSON CENTRAL - 1ST AVE,4240 N 1ST AVE,TUCSON,AZ,(520) 888-4900,
ARCADIA,1325 SOUTH BALDWIN AVENUE,ARCADIA,CA,(626) 400-5001,
LAKE ELSINORE,18550 DEXTER AVE,LAKE ELSINORE,CA,(951) 579-4183,
BRANDON,2890 PROVIDENCE LAKES BLVD,BRANDON,FL,(813) 685-9160,
,,,,,
YORK,351 LOUCKS ROAD,YORK,PA,(717) 848-6910,
,,,,,
,,,,,
LANGHAM CREEK,17800 FM 529,HOUSTON,TX,(281) 855-3041,
INDIANAPOLIS - KEYSTONE AVE,6160 N. KEYSTONE AVENUE,INDIANAPOLIS,IN,(317) 254-8977,
ALHAMBRA/FREMONT,920 SOUTH FREMONT AVE,ALHAMBRA,CA,(626) 310-3030,
PEARLAND EAST,2850 PEARLAND PARKWAY,PEARLAND,TX,(281) 971-1555,
IRVINE EAST - IRVINE BLVD,6400 IRVINE BLVD.,IRVINE,CA,(949) 502-2043,
,,,,,
VAN NUYS - SEPULVEDA BLVD.,6161 NORTH SEPULVEDA BLVD,VAN NUYS,CA,(818) 988-7411,
ATLANTIC STATION,261 19TH ST. SUITE 1140,ATLANTA,GA,(404) 810-9015,
LUTZ @ N. DALE MABRY HWY,17631 N. DALE MABRY HIGHWAY,LUTZ,FL,(813) 962-7358,
ROSEVILLE - CLEVELAND AVE N,2420 CLEVELAND AVE. NORTH,ROSEVILLE,MN,(612) 235-4844,
,,,,,
COVINGTON,27245 172ND AVENUE SE,COVINGTON,WA,(253) 458-0960,
REDONDO,27417 PACIFIC HIGHWAY SOUTH,FEDERAL WAY,WA,(253) 941-5800,
,,,,,
,,,,,
SOUTHPORT,3855 E. SOUTHPORT RD,INDIANAPOLIS,IN,(317) 644-0683,
BUFORD,3420 BUFORD DRIVE NE,BUFORD,GA,(678) 714-5075,
LAKE GROVE (Signature),110 NEW MORICHES RD,LAKE GROVE,NY,(631) 619-2222,
,,,,,
LEAGUE CITY,1220 E. LEAGUE CITY PARKWAY,LEAGUE CITY,TX,(713) 893-5986,
EVERETT,"1402 SE. EVERETT MALL WAY, STE 138",EVERETT,WA,(425) 290-9351,
APPLE VALLEY,15135 GALAXIE AVENUE,APPLE VALLEY,MN,(952) 432-6085,
ALTAMONTE SPRINGS @ MONTGOMERY,1074 MONTGOMERY ROAD,ALTAMONTE SPRINGS,FL,(407) 304-8020,
,,,,,
NAPERVILLE,1836 FREEDOM DRIVE,NAPERVILLE,IL,(630) 303-9341,
PEMBROKE PINES - 184TH,18445 PINES BLVD.,PEMBROKE PINES,FL,(954) 441-5330,
BONITA SPRINGS,"8951 BONITA BEACH RD SE, STE. 560",BONITA SPRINGS,FL,(239) 494-6297,
GREENWOOD,540 N. STATE ROAD 135,GREENWOOD,IN,(317) 215-5947,
SOUTH LOOP,1101 SOUTH CANAL STREET,CHICAGO,IL,(312) 379-8631,
OSWEGO,201 OGDEN FALLS ROAD,OSWEGO,IL,(630) 608-4284,
ROUND LAKE BEACH,540 E. ROLLINS RD,ROUND LAKE BEACH,IL,(847) 752-6841,
SUGARLAND,19880 SOUTHWEST FREEWAY,SUGAR LAND,TX,(281) 232-8719,
CAPE CORAL,2301 DEL PRADO BLVD.,CAPE CORAL,FL,(239) 242-6383,
MONTEREY PARK,416 SOUTH ATLANTIC BLVD BUILDING B,MONTEREY PARK,CA,(323) 346-6061,
RENTON - N LANDING WAY,715 NORTH LANDING WAY,RENTON,WA,(206) 922-0350,
HEMET,220 NORTH SANDERSON AVE,HEMET,CA,(951) 663-4786,
MATTESON,4340 LINCOLN HIGHWAY,MATTESON,IL,(708) 668-4719,
BOLINGBROOK,506 JANES AVENUE,BOLINGBROOK,IL,(630) 739-7011,
,,,,,
PUYALLUP - 156TH,10515 156TH STREET EAST,PUYALLUP,WA,(253) 466-0007,
FT. WORTH/RIDGMAR,6500 WESTWORTH BLVD.,WESTWORTH,TX,(817) 339-6180,
DUNCANVILLE,114 E. HIGHWAY 67,DUNCANVILLE,TX,(972) 499-4889,
ALSIP,12080 S. CICERO AVENUE,ALSIP,IL,(708) 377-3589,
,,,,,
KENDALL WEST - SW 88TH,16339 SW 88TH ST,MIAMI,FL,(786) 269-2850,
EAST LOOP (Signature),55 EAST RANDOLPH ST,CHICAGO,IL,(312) 281-0113,
EDINA,4175 WEST 76TH STREET,EDINA,MN,(612) 235-4831,
BRISTOL,1379 FARMINGTON AVE,BRISTOL,CT,(860) 516-4200,
,,,,,
,,,,,
"SPRINGFIELD, MA","1150 WEST COLUMBUS AVENUE, UNIT 1",SPRINGFIELD,MA,(413) 301-1015,
"NORWALK, CT",761 MAIN AVE,NORWALK,CT,(203) 842-0012,
MCDONOUGH,95 FOSTER DRIVE,MCDONOUGH,GA,(678) 228-8011,
CARROLLTON,4220 MIDWAY ROAD,CARROLLTON,TX,(214) 483-1834,
LACEY,1200 GALAXY DRIVE,LACEY,WA,(360) 339-6209,
,,,,,
CROFTON/GAMBRILLS,2625 BRANDERMILL BLVD,GAMBRILLS,MD,(410) 774-0350,
BROOKLYN PARK,6600 96TH LANE NORTH,BROOKLYN PARK,MN,(763) 515-7778,
,,,,,
JOLIET,1745 ROUTE 59,PLAINFIELD,IL,(815) 676-5519,
,,,,,
PEARL DISTRICT,1400 NW NORTHRUP STREET,PORTLAND,OR,(503) 928-8892,
,,,,,
,,,,,
PLEASANT HILLS,"601 CLAIRTON BLVD., UNIT 38",PLEASANT HILLS,PA,(412) 224-1888,
BRIDGEVILLE,1155 WASHINGTON PIKE,BRIDGEVILLE,PA,(412) 569-1180,
MONROEVILLE,"4100 WILLIAM PENN HIGHWAY, SUITE 43",MONROEVILLE,PA,(412) 357-1133,
,,,,,
,,,,,
,,,,,
,,,,,
,,,,,
MEDICAL CENTER (Signature),2130 W HOLCOMBE BLVD,HOUSTON,TX,(713) 666-7811,
,,,,,
,,,,,
,,,,,
SPRAYBERRY,2550 SANDY PLAINS RD,MARIETTA,GA,(678) 202-5178,
LANSING,17365 TORRENCE AVE,LANSING,IL,(708) 251-0173,
BALLARD (Signature),1416 NW BALLARD WAY,SEATTLE,WA,(206) 508-5030,
,,,,,
,,,,,
BLOOMFIELD HILLS,2050 SOUTH TELEGRAPH RD,BLOOMFIELD HILLS,MI,(248) 630-2720,
HURST,701 NE LOOP 820,HURST,TX,(817) 591-1158,
TROY - BIG BEAVER RD,710 E. BIG BEAVER ROAD,TROY,MI,(248) 434-0041,
BRAMPTON SOUTH (Premier Plus),539 STEELES AVENUE EAST,BRAMPTON,ON,(905) 452-7800,
,,,,,
,,,,,
CENTERVILLE,45 WEST ALEX BELL ROAD,CENTERVILLE,OH,(937) 684-8160,
OAKLEY,4700 MARBURG AVE,CINCINNATI,OH,(513) 297-1121,
NEWINGTON,3563 BERLIN TURNPIKE,NEWINGTON,CT,(860) 838-4239,
,,,,,
KENNESAW - WADE GREEN,4200 WADE GREEN RD SUITE 38,KENNESAW,GA,(678) 202-5179,
ST PAUL,1370 UNIVERSITY AVE WEST,ST PAUL,MN,(651) 222-9843,
FAIRFIELD TOWNSHIP,3312 PRINCETON ROAD,HAMILTON,OH,(513) 334-0082,
LIVONIA,30273 PLYMOUTH ROAD,LIVONIA,MI,(734) 956-9914,
AVON - ROCKVILLE RD,9030 ROCKVILLE ROAD,INDIANAPOLIS,IN,(317) 644-0200,
,,,,,
,,,,,
,,,,,
,,,,,
,,,,,
,,,,,
,,,,,
,,,,,
,,,,,
KITCHENER SUPER CLUB (Premier Plus),264 VICTORIA STREET N,KITCHENER,ON,(519) 741-0144,
MISSISSAUGA - ANNAGEM BLVD (Premier Plus),40 ANNAGEM BLVD,MISSISSAUGA,ON,(905) 696-6939,
,,,,,
,,,,,
,,,,,
,,,,,
SAUGUS,1450 BROADWAY,SAUGUS,MA,(781) 417-5050,
TACOMA NORTH- SIXTH AVE,5915 SIXTH AVE,TACOMA,WA,(253) 590-4118,
FT. MYERS SOUTH-GULF CENTER DR,10058 GULF CENTER DRIVE,FT. MYERS,FL,(239) 344-9600,
WOODBURY HEIGHTS,1006 MANTUA PIKE,WOODBURY,NJ,(856) 381-4941,
,,,,,
OCOEE,1560 E.SILVER STAR RD,OCOEE,FL,(407) 965-2139,
ROYAL OAK (Signature),25352 WOODWARD AVE,ROYAL OAK,MI,(248) 565-2750,
,,,,,
LEESBURG,1490 CLASSIC PATH WAY SE,LEESBURG,VA,(571) 223-5694,
,,,,,
,,,,,
NEW BRIGHTON,1101 SILVER LAKE ROAD,NEW BRIGHTON,MN,(651) 674-3186,
"ORANGE CITY, FL",2629 ENTERPRISE RD,ORANGE CITY,FL,(386) 878-4582,
FISHERS,11752 CUMBERLAND ROAD,FISHERS,IN,(317) 436-0013,
NORTH MIAMI,1801 NE 123RD ST SUITE 200,NORTH MIAMI,FL,(786) 718-1789,
ROCKVILLE (Signature),11416 ROCKVILLE PIKE SUITE A,ROCKVILLE,MD,(301) 761-0001,
,,,,,
,,,,,
HOUSTON GREENWAY (Signature),3838 RICHMOND AVE,HOUSTON,TX,(713) 481-1909,
DENTON,1350 SOUTH LOOP 288,DENTON,TX,(940) 380-2904,
,,,,,
SOMERDALE,711 EAST EVESHAM AVENUE BUILDING 1A,SOMERDALE,NJ,(856) 282-0380,
,,,,,
SOUTHFIELD,28661 TELEGRAPH ROAD,SOUTHFIELD,MI,(248) 436-0157,
,,,,,
,,,,,
,,,,,
CARMEL/ZIONSVILLE-N MICHIGAN RD,10574 WORKOUT WAY,CARMEL,IN,(317) 708-3862,
HOPKINS,1710 STATE HIGHWAY 7,HOPKINS,MN,(612) 246-3692,
,,,,,
WALPOLE,20 PROVIDENCE HIGHWAY,WALPOLE,MA,(508) 505-3020,
BLAINE,100 NORTHTOWN DRIVE NE,BLAINE,MN,(763) 392-1800,
,,,,,
LAVEEN,5175 W BASELINE RD,LAVEEN,AZ,(602) 904-7425,
ELDRIDGE LAKES,6386 NORTH ELDRIDGE PARKWAY,HOUSTON,TX,(713) 493-6907,
PORTLAND - SE82ND,4140 SE 82ND AVENUE,PORTLAND,OR,(503) 345-0782,
KENT,520 WASHINGTON AVE SOUTH,KENT,WA,(253) 859-7815,
PARSIPPANY,1159 US HIGHWAY 46,PARSIPPANY,NJ,(973) 588-9935,
VANCOUVER EAST,11505 NE FOURTH PLAIN RD,VANCOUVER,WA,(360) 859-0006,
BURNSVILLE,1801 COUNTY ROAD 42 WEST,BURNSVILLE,MN,(952) 392-4400,
CONYERS,1618 HIGHWAY 138,CONYERS,GA,(770) 760-1337,
WARREN,30195 MOUND RD,WARREN,MI,(586) 501-0008,
,,,,,
,,,,,
BEAVERCREEK/N FAIRFIELD,2500-F NORTH FAIRFIELD RD,BEAVERCREEK,OH,(937) 912-0063,
TUKWILA,350 BAKER BLVD,TUKWILA,WA,(206) 331-4071,
WEST CHESTER - TYLERSVILLE RD,7730 DUDLEY DRIVE,WEST CHESTER,OH,(513) 298-0134,
,,,,,
WESTFIELD - 146TH ST,2744 E. 146TH STREET,CARMEL,IN,(317) 973-0001,
ALLEN PARK,3223 FAIRLANE DRIVE,ALLEN PARK,MI,(313) 254-4411,
"HIGHLAND, CA",28015 GREENSPOT RD,HIGHLAND,CA,(909) 742-5131,
,,,,,
CRESCENT SPRINGS,550 CLOCK TOWER WAY,CRESCENT SPRINGS,KY,(859) 663-2920,
,,,,,
ARLINGTON - CLARK ST,3550 S CLARK STREET,ARLINGTON,VA,(703) 229-1504,
DALLAS LBJ @ WEBB CHAPEL,3029 FOREST LANE,DALLAS,TX,(972) 499-0720,
,,,,,
,,,,,
EASTON,340 SOUTH 25TH ST,EASTON,PA,(484) 541-4020,
SYMMES-HARPERS POINT,11359 MONTGOMERY ROAD,SYMMES,OH,(513) 297-1139,
PGA BLVD @ THE TURNPIKE,7070 FAIRWAY DRIVE,PALM BEACH GARDENS,FL,(561) 273-7080,
,,,,,
NEW TAMPA,6411 COUNTY LINE RD EAST,TAMPA,FL,(813) 435-6040,
WAUKEGAN,452 LAKEHURST RD,WAUKEGAN,IL,(224) 399-0990,
STONEHAM,121 MAIN STREET,STONEHAM,MA,(781) 435-5999,
MARY BRICKELL (Signature),900 SOUTH MIAMI AVE STE 236,MIAMI,FL,(786) 718-1750,
,,,,,
BRAMPTON NORTH (Premier Plus),2959 BOVAIRD DRIVE EAST,BRAMPTON,ON,(905) 789-6257,
LLOYD CENTER,1270 NE WEIDLER ST,PORTLAND,OR,(503) 734-2950,
,,,,,
,,,,,
,,,,,
BURLINGTON NORTH - APPLEBY LINE (Premier Plus),3011 APPLEBY LINE,BURLINGTON,ON,(905) 319-1771,
,,,,,
TOWNE LAKE,2060 EAGLE DRIVE,WOODSTOCK,GA,(678) 202-5612,
,,,,,
ST. LOUIS PARK,3555 S HIGHWAY 100,ST LOUIS PARK,MN,(763) 392-1802,
RIVERSIDE - ARLINGTON AVE.,3437 ARLINGTON AVE,RIVERSIDE,CA,(951) 231-2088,
ROBINSON TOWNSHIP,400 SETTLERS RIDGE CENTER DRIVE,PITTSBURGH,PA,(412) 620-1080,
SOUTH ELGIN,488 RANDALL RD,SOUTH ELGIN,IL,(630) 503-7749,
DOUGLASVILLE,3020 CHAPEL HILL RD,DOUGLASVILLE,GA,(678) 202-5613,
PATCHOGUE (Signature),5 GATEWAY BLVD,PATCHOGUE,NY,(631) 247-7001,
OAKDALE,7360 33RD STREET NORTH,OAKDALE,MN,(612) 225-9831,
COLLEGEVILLE,400 FRONT STREET SUITE #3,COLLEGEVILLE,PA,(484) 961-6012,
,,,,,
FT. WORTH/WEST 7TH STREET,2860 CROCKETT STREET,FORT WORTH,TX,(817) 870-1501,
,,,,,
WOODBRIDGE,13060 WORTH AVENUE,WOODBRIDGE,VA,(703) 398-1373,
N CORAL SPRINGS - CORAL RIDGE,5631 CORAL RIDGE DRIVE,CORAL SPRINGS,FL,(954) 752-9400,
STUART,1901 NW FEDERAL HWY,STUART,FL,(772) 209-3010,
DON MILLS (Signature),1380 DON MILLS ROAD,TORONTO,ON,(416) 391-0220,
,,,,,
,,,,,
,,,,,
MINNEAPOLIS UPTOWN,3001 HENNEPIN AVE SOUTH SUITE 2210,MINNEAPOLIS,MN,(612) 392-0395,
JERSEY VILLAGE,9244 W SAM HOUSTON PARKWAY N,HOUSTON,TX,(281) 640-9946,
POTTSTOWN,120 UPLAND SQUARE DRIVE SUITE 120,STOWE,PA,(484) 948-3168,
DALLAS-MOCKINGBIRD LN @ LEMMON,4540 WEST MOCKINGBIRD LANE,DALLAS,TX,(214) 453-4899,
PALM HARBOR,35104 U.S. HIGHWAY 19 NORTH,PALM HARBOR,FL,(727) 213-2458,
OAK LAWN,8812 SOUTH CICERO AVE,OAK LAWN,IL,(708) 931-0022,
LAKE WORTH,8888 LANTANA ROAD,LAKE WORTH,FL,(561) 273-7088,
OAK BROOK,2030 YORK ROAD,OAKBROOK,IL,(630) 684-0176,
,,,,,
,,,,,
,,,,,
LAWRENCE - PENDLETON PIKE,9930 PENDLETON PIKE,INDIANAPOLIS,IN,(317) 855-9012,
SECAUCUS (Signature),485 HARMON MEADOW,SECAUCUS,NJ,(201) 751-9940,
,,,,,
,,,,,
,,,,,
,,,,,
,,,,,
MORGAN PARK,11520 SOUTH MARSHFIELD AVE,CHICAGO,IL,(773) 905-0060,
BROADVIEW,200 BROADVIEW VILLAGE SQUARE,BROADVIEW,IL,(708) 273-6977,
COLLEGE PARK,6385 OLD NATIONAL HIGHWAY,ATLANTA,GA,(678) 304-2444,
LINDENHURST (Signature),455 PARK AVENUE,LINDENHURST,NY,(631) 412-6000,
PASADENA MD,8120 JUMPERS HOLE ROAD,PASADENA,MD,(443) 344-0213,
,,,,,
KENNESAW-BARRETT,1185 ERNEST BARRETT PKWY NW,KENNESAW,GA,(678) 202-5503,
BROOKHAVEN,755 BROOKHAVEN AVE,ATLANTA,GA,(678) 280-8844,
FT LAUDERDALE / CYPRESS CREEK,6501 NORTH ANDREWS AVE,FT LAUDERDALE,FL,(954) 495-2288,
DOWNINGTOWN,109 QUARRY ROAD,DOWNINGTOWN,PA,(484) 237-2012,
NAPLES @ VANDERBILT BEACH RD,871 VANDERBILT BEACH RD,NAPLES,FL,(239) 249-6768,
"HIGHLAND PARK, IL",115 SKOKIE VALLEY ROAD,HIGHLAND PARK,IL,(847) 315-9029,
PHILADELPHIA - GRANT AVE,2560 GRANT AVENUE,PHILADELPHIA,PA,(267) 344-1452,
ABINGTON,371 HIGHLAND AVE,GLENSIDE,PA,(215) 277-2032,
,,,,,
CLIFTON (Signature),852 ROUTE 3,CLIFTON,NJ,(973) 574-4175,
,,,,,
MARANA,5885 W ARIZONA PAVILIONS DR,MARANA,AZ,(520) 342-0809,
NORTH HILLS,8700 DUNCAN AVENUE,PITTSBURGH,PA,(412) 204-4023,
MIDTOWN,75 FIFTH STREET  NW SUITE E,ATLANTA,GA,(404) 212-1065,
HARBOR CITY,908 W SEPULVEDA BLVD,HARBOR CITY,CA,(424) 203-2060,
ST. PETERSBURG @ 22ND AVE NORTH,7044 22ND AVENUE NORTH,ST. PETERSBURG,FL,(727) 322-4010,
EAST BRUNSWICK - STATE ROUTE 18,341 STATE ROUTE 18,EAST BRUNSWICK,NJ,(732) 353-3081,
MISSION VIEJO -ALICIA PWY,24491 ALICIA PARKWAY,MISSION VIEJO,CA,(949) 421-6082,
LONG BEACH/BELLFLOWER,2180 N BELLFLOWER BLVD,LONG BEACH,CA,(562) 314-1820,
,,,,,
,,,,,
,,,,,
BRAMPTON NW (Premier Plus),225 FLETCHER'S CREEK BLVD,BRAMPTON,ON,(905) 454-1991,
GREENSBURG,3000 LINCOLN PLACE,GREENSBURG,PA,(724) 261-3301,
LEVITTOWN (Signature),3601-C HEMPSTEAD TURNPIKE,LEVITTOWN,NY,(516) 342-8135,
HIALEAH/W 49TH ST,630 W 49TH STREET,HIALEAH,FL,(786) 369-0318,
SANDY SPRINGS,6690 ROSWELL ROAD,SANDY SPRINGS,GA,(404) 478-4161,
TRUMBULL,5065 MAIN STREET,TRUMBULL,CT,(203) 683-1321,
VALRICO @ STATE ROAD 60 E,1930 STATE ROAD 60 E,VALRICO,FL,(813) 982-4149,
RENTON/FAIRWOOD,14060 SE PETROVITSKY RD,RENTON,WA,(425) 529-9303,
,,,,,
WOODLAND HILLS (Signature),6401 CANOGA AVE,WOODLAND HILLS,CA,(818) 224-7820,
IRVINE - CROSSROADS,3960 BARRANCA PKWY,IRVINE,CA,(949) 502-2777,
,,,,,
,,,,,
,,,,,
,,,,,
,,,,,
,,,,,
,,,,,
,,,,,
,,,,,
,,,,,
,,,,,
,,,,,
,,,,,
SARASOTA BEE RIDGE @ I-75,4057 CATTLEMEN ROAD,SARASOTA,FL,(941) 225-4772,
TUCSON - S CALLE SANTA CRUZ,5325 S CALLE SANTA CRUZ,TUCSON,AZ,(520) 342-0808,
STOUGHTON,3 HAWES WAY,STOUGHTON,MA,(781) 573-0172,
VAUGHAN (Premier Plus),9350 BATHURST STREET,VAUGHAN,ON,(289) 963-9980,
PEORIA WEST - N 91ST,8160 N 91ST AVENUE,PEORIA,AZ,(623) 877-3640,
,,,,,
,,,,,
,,,,,
,,,,,
MARIETTA SOUTH,"1453 TERRELL MILL ROAD, SUITE 145",MARIETTA,GA,(678) 279-2843,
,,,,,
SCARBOROUGH (Premier Plus),1970 EGLINTON AVE EAST,TORONTO,ON,(647) 724-4019,
MISSION VIEJO/CROWN VALLEY,27741 CROWN VALLEY PARKWAY #101,MISSION VIEJO,CA,(949) 203-8805,
LAUREL,327 MONTROSE AVE,LAUREL,MD,(240) 294-5867,
DULUTH - PEACHTREE INDUSTRIAL,3455 PEACHTREE INDUSTRIAL BLVD,DULUTH,GA,(770) 285-2046,
PITTSBURGH/SOUTHSIDE WORKS,2701 EAST CARSON STREET,PITTSBURGH,PA,(412) 360-0256,
,,,,,
EAST GWILLIMBURY (Premier Plus),18367 YONGE STREET,EAST GWILLIMBURY,ON,(289) 803-0327,
,,,,,
,,,,,
,,,,,
,,,,,
WESTHEIMER @ GESSNER,9603 WESTHEIMER ROAD,HOUSTON,TX,(713) 470-4098,
,,,,,
,,,,,
,,,,,
,,,,,
,,,,,
ATLANTIC @ KERNAN,11901 ATLANTIC BLVD STE 800,JACKSONVILLE,FL,(904) 596-0080,
PORT CHESTER (Signature),260 BOSTON POST RD,PORT CHESTER,NY,(914) 233-2211,
GAITHERSBURG - QUINCE ORCHARD,602 QUINCE ORCHARD RD,GAITHERSBURG,MD,(301) 987-5421,
FT. LAUDERDALE - SE 10TH AVE.,1900 SE 10TH AVE,FORT LAUDERDALE,FL,(954) 233-5526,
,,,,,
BELLEVUE/KELSEY CREEK,15053 MAIN STREET,BELLEVUE,WA,(425) 698-2575,
CENTEREACH (Signature),1934 MIDDLE COUNTRY ROAD,CENTEREACH,NY,(631) 820-4604,
IRONDEQUOIT,1600 EAST RIDGE ROAD,ROCHESTER,NY,(585) 797-0414,
PHOENIX-NORTHERN AVE,2200 W NORTHERN AVE,PHOENIX,AZ,(602) 995-1234,
TROY - W. MAPLE RD. (Signature),3501 WEST MAPLE ROAD SUITE A,TROY,MI,(248) 430-0584,
PORT JEFFERSON STATION (Signature),1046 ROUTE 112,PORT JEFFERSON STATION,NY,(631) 403-3002,
JACKSONVILLE LAKEWOOD,3600 UNIVERSITY BLVD WEST,JACKSONVILLE,FL,(904) 900-6393,
ATLANTIC BEACH,985 ATLANTIC BLVD,ATLANTIC BEACH,FL,(904) 853-2210,
CHICAGO - S. LAKE PARK (Signature),5224 S LAKE PARK AVE,CHICAGO,IL,(773) 358-4228,
KIRKLAND TOTEM LAKE @ I-405 (Signature),12321 120TH PLACE NE,KIRKLAND,WA,(425) 298-1331,
YONKERS (Signature),"77 COLE STREET, SPACE 1290",YONKERS,NY,(914) 297-4477,
WINDERMERE (Signature),4768 THE GROVE DRIVE,WINDERMERE,FL,(407) 612-6001,
DALLAS UPTOWN (Signature),2690 N HASKELL AVE,DALLAS,TX,(214) 530-0005,
STEVENSON RANCH,24945 PICO CANYON RD,STEVENSON RANCH,CA,(661) 219-0722,
TUCSON SE - EAST GOLF LINKS,9350 EAST GOLF LINKS RD,TUCSON,AZ,(520) 399-8244,
RICHFIELD,6501 LYNDALE AVENUE S,RICHFIELD,MN,(612) 861-5505,
WEST DUNDEE,400 NORTH EIGHTH STREET,WEST DUNDEE,IL,(847) 915-3256,
OCEANSIDE - VISTA WAY,2335 VISTA WAY,OCEANSIDE,CA,(760) 576-3188,
STONE MOUNTAIN,5295 STONE MOUNTAIN HIGHWAY,STONE MOUNTAIN,GA,(770) 469-2120,
HOUSTON 290 @ HOLLISTER,13350 NORTHWEST FREEWAY,HOUSTON,TX,(713) 470-9465,
LAKE ZURICH,825 SOUTH RAND ROAD,LAKE ZURICH,IL,(847) 719-8475,
GREECE,1867 W RIDGE RD,GREECE,NY,(585) 441-3899,
MILFORD,1201 BOSTON POST ROAD SPACE 2090,MILFORD,CT,(203) 701-4827,
,,,,,
,,,,,
,,,,,
,,,,,
CORAL GABLES,3301 SW 22ND STREET,MIAMI,FL,(305) 445-7140,
,,,,,
HIALEAH-PALMETTO EXPY,1901 WEST 39TH STREET,HIALEAH,FL,(305) 822-0227,
,,,,,
,,,,,
,,,,,
MIAMI-SW 56TH ST,13838 S.W. 56TH STREET,MIAMI,FL,(305) 380-6969,
,,,,,
,,,,,
,,,,,
CHICAGO - LAKEVIEW EAST,2828 NORTH CLARK STREET,CHICAGO,IL,(773) 929-6900,
,,,,,
,,,,,
HOLLYWOOD-EL CENTRO AVE,1628 N. EL CENTRO AVENUE,LOS ANGELES,CA,(323) 461-0227,
,,,,,
,,,,,
,,,,,
,,,,,
LANSDOWNE,3551 WASHINGTON BLVD,LANSDOWNE,MD,(410) 242-2062,
,,,,,
HUNTINGTON PARK,3081 E. SLAUSON AVENUE,HUNTINGTON PARK,CA,(323) 589-8935,
,,,,,
INGLEWOOD,3531 W. CENTURY BOULEVARD,INGLEWOOD,CA,(310) 672-6002,
,,,,,
,,,,,
,,,,,
LONG BEACH-PCH,4438 E. PACIFIC COAST HWY.,LONG BEACH,CA,(562) 494-1216,
CHICAGO - ROGERS PARK,7529 NORTH CLARK STREET,CHICAGO,IL,(773) 274-1686,
,,,,,
,,,,,
,,,,,
,,,,,
,,,,,
,,,,,
MONTCLAIR,9385 MONTE VISTA,MONTCLAIR,CA,(909) 625-2411,
,,,,,
,,,,,
MONTEBELLO,2222 WEST BEVERLY BLVD.,MONTEBELLO,CA,(323) 722-0994,
,,,,,
,,,,,
NORTH HOLLYWOOD,13069 VICTORY BOULEVARD,NORTH HOLLYWOOD,CA,(818) 506-4208,
,,,,,
,,,,,
,,,,,
,,,,,
,,,,,
,,,,,
COUNTRYSIDE,5917 SO. LA GRANGE ROAD,COUNTRYSIDE,IL,(708) 482-4700,
LONG BEACH-DOWNEY AVE,5810 DOWNEY AVENUE,LONG BEACH,CA,(562) 272-7255,
,,,,,
CHICAGO - NORWOOD PARK,5444 N CUMBERLAND AVE,CHICAGO,IL,(773) 380-8600,
,,,,,
,,,,,
,,,,,
,,,,,
,,,,,
,,,,,
,,,,,
,,,,,
,,,,,
,,,,,
PALOS VERDES,28901 S. WESTERN AVENUE,RANCHO PALOS VERDES,CA,(310) 732-2100,
ST CLAIR SHORES,20701 E. EIGHT MILE ROAD,ST. CLAIR SHORES,MI,(586) 772-0005,
,,,,,
,,,,,
HYATTSVILLE,2970 BELCREST CENTER DRIVE,HYATTSVILLE,MD,(301) 559-5031,
,,,,,
CITY OF INDUSTRY,1545 HANOVER ROAD,CITY OF INDUSTRY,CA,(626) 839-3222,
,,,,,
WHEATON,11010 VEIRS MILL ROAD,WHEATON,MD,(301) 933-6100,
WHITE MARSH,8221 TOWN CENTER DRIVE,NOTTINGHAM,MD,(410) 931-8080,
RANCHO CUCAMONGA,10848 FOOTHILL BOULEVARD,RANCHO CUCAMONGA,CA,(909) 948-7583,
,,,,,
,,,,,
,,,,,
,,,,,
,,,,,
GREENBELT MD,7415 GREENBELT ROAD,GREENBELT,MD,(301) 441-8300,
,,,,,
CHATSWORTH,9143 DE SOTO AVENUE,CHATSWORTH,CA,(818) 882-5912,
,,,,,
NORTH BERGEN,3137 KENNEDY BOULEVARD,NORTH BERGEN,NJ,(201) 974-9010,
ROSEMEAD,3508 ROSEMEAD BOULEVARD,ROSEMEAD,CA,(626) 571-0228,
,,,,,
MIAMI - AVENTURA,3455 NE 207TH STREET,MIAMI,FL,(305) 931-3181,
,,,,,
SOUTHLAND-TPKE / S DIXIE,20505 SOUTH DIXIE HIGHWAY,MIAMI,FL,(305) 232-5500,
,,,,,
,,,,,
,,,,,
,,,,,
,,,,,
SANTA ANA-BRISTOL / MACARTHUR,3701 S. PLAZA DRIVE,SANTA ANA,CA,(714) 557-3550,
,,,,,
,,,,,
,,,,,
,,,,,
,,,,,
,,,,,
,,,,,
,,,,,
,,,,,
,,,,,
,,,,,
,,,,,
,,,,,
WEST COVINA- N AZUSA AVE,441 NORTH AZUSA AVENUE,WEST COVINA,CA,(626) 966-7532,
,,,,,
,,,,,
WEST LA/ BUNDY,1914 SOUTH BUNDY DRIVE,LOS ANGELES,CA,(310) 820-7571,
ALEXANDRIA,6200 LITTLE RIVER TURNPIKE,ALEXANDRIA,VA,(703) 637-2204,
,,,,,
,,,,,
,,,,,
,,,,,
,,,,,
CULVER CITY,3827 OVERLAND AVENUE,CULVER CITY,CA,(310) 204-2030,
,,,,,
,,,,,
NATIONAL CITY,1910 SWEETWATER ROAD,NATIONAL CITY,CA,(619) 474-6392,
,,,,,
PHILADELPHIA-24TH ST,2425 SOUTH 24TH STREET,PHILADELPHIA,PA,(215) 468-6741,
DOWNEY-LAKEWOOD BLVD,12074 LAKEWOOD BOULEVARD,DOWNEY,CA,(562) 803-3432,
,,,,,
,,,,,
,,,,,
,,,,,
PHILADELPHIA-FRANKLIN MILLS,851 FRANKLIN MILLS CIRCLE,PHILADELPHIA,PA,(215) 637-1580,
,,,,,
,,,,,
,,,,,
,,,,,
,,,,,
,,,,,
,,,,,
,,,,,
"WESTCHESTER, CA",8601 LINCOLN BLVD,WESTCHESTER,CA,(310) 846-0070,
SMITHTOWN (Signature),122 EAST MAIN STREET,SMITHTOWN,NY,(631) 982-8010,
,,,,,
,,,,,
,,,,,
,,,,,
,,,,,
,,,,,
,,,,,
,,,,,
,,,,,
,,,,,
,,,,,
,,,,,
,,,,,
,,,,,
,,,,,
,,,,,
,,,,,
,,,,,
ORANGE PARK BLANDING @ 295,6000 LAKE GRAY BLVD,JACKSONVILLE,FL,(904) 999-3289,
RANDOLPH,140 STATE HIGHWAY 10,RANDOLPH,NJ,(973) 500-3077,
,,,,,
,,,,,
,,,,,
,,,,,
,,,,,
,,,,,
,,,,,
,,,,,
,,,,,
,,,,,
,,,,,
,,,,,
,,,,,
,,,,,
,,,,,
,,,,,
,,,,,
,,,,,
,,,,,
,,,,,
,,,,,
,,,,,
,,,,,
,,,,,
,,,,,
,,,,,
,,,,,
,,,,,
,,,,,
,,,,,
,,,,,
HENRIETTA,100 MARKETPLACE DRIVE,HENRIETTA,NY,(585) 797-0411,
BUFFALO - ELMWOOD AVE,1893 ELMWOOD AVE SUITE 200,BUFFALO,NY,(716) 541-1092,
CLARENCE,5089 TRANSIT ROAD,BUFFALO,NY,(716) 810-1004,
BEVERLY HILLS - WILSHIRE BLVD. (Signature),9100 WILSHIRE BLVD STE 100E,BEVERLY HILLS,CA,(310) 734-0942,
,,,,,
,,,,,
UNIVERSITY PARK - COOPER CREEK,8502 COOPER CREEK BLVD,UNIVERSITY PARK,FL,(941) 926-6282,
WHITTIER,13806 WHITTIER BLVD,WHITTIER,CA,(562) 332-6205,
LYNNWOOD/HWY 99,19800 HIGHWAY 99,LYNNWOOD,WA,(425) 245-0673,
NIAGARA FALLS - NY,6610 NIAGARA FALLS BLVD,NIAGARA FALLS,NY,(716) 205-3333,
DALLAS - GREENVILLE AVE.,"5500 GREENVILLE AVE, SUITE 100",DALLAS,TX,(214) 530-0966,
PHOENIX WEST CAMELBACK @7TH AVE,710 WEST CAMELBACK ROAD,PHOENIX,AZ,(602) 282-0243,
COMMACK (Signature),68 VETERANS MEMORIAL HIGHWAY,COMMACK,NY,(631) 623-5216,
,,,,,
GARDEN CITY (Signature),711 STEWART AVE,GARDEN CITY,NY,(516) 214-9691,
TOLLESON,9880 WEST LOWER BUCKEYE ROAD,TOLLESON,AZ,(602) 734-1363,
CHICAGO - LAWRENCE AVE.,1804 WEST LAWRENCE AVE,CHICAGO,IL,(773) 250-0298,
IRVINE - MICHELSON DR (Signature),3021 MICHELSON DRIVE,IRVINE,CA,(949) 988-5372,
TAMPA-S DALE MABRY HWY (Signature),301 S DALE MABRY HWY,TAMPA,FL,(813) 775-6492,
HAWTHORNE - 147TH ST.,4949 WEST 147TH STREET,HAWTHORNE,CA,(310) 844-0653,
INDIANAPOLIS SHORE DR - 38TH ST,4015 SHORE DRIVE,INDIANAPOLIS,IN,(317) 238-3163,
PHOENIX BASELINE @ 24TH STREET,2325 E BASELINE RD,PHOENIX,AZ,(623) 255-3391,
,,,,,
SAN ANTONIO LOOP 410 @ BLANCO,7140 BLANCO ROAD,SAN ANTONIO,TX,(210) 853-0627,
ORLANDO - GOLDENROD RD.,5915 SOUTH GOLDENROD ROAD,ORLANDO,FL,(407) 362-6081,
GARLAND - W. CENTERVILLE RD.,1201 W CENTERVILLE ROAD,GARLAND,TX,(972) 271-4614,
MAPLEWOOD,1940 COUNTY ROAD D EAST,MAPLEWOOD,MN,(651) 355-1655,
OSHAWA - RITSON RD. (Premier Plus),1189 RITSON ROAD NORTH UNIT 4A,OSHAWA,ON,(289) 634-3190,
,,,,,
,,,,,
MILTON - MAPLE AVE (Premier Plus),1117 MAPLE AVE,MILTON,ON,(289) 270-4133,
BRONX - EASTCHESTER RD. (Signature),1776 EASTCHESTER ROAD,BRONX,NY,(917) 634-5609,
WEST SEATTLE/ SW ALASKA ST (Signature),3900 SW ALASKA STREET,SEATTLE,WA,(206) 582-0888,
,,,,,
APOPKA,3030 E. SEMORAN BLVD.,APOPKA,FL,(407) 772-4660,
,,,,,
,,,,,
,,,,,
,,,,,
,,,,,
TAMPA - GUNN HWY.,5735 GUNN HIGHWAY,TAMPA,FL,(813) 960-3783,
,,,,,
,,,,,
,,,,,
,,,,,
,,,,,
,,,,,
,,,,,
LAKE MARY,3851 LAKE EMMA RD.,LAKE MARY,FL,(407) 804-2528,
LUTZ @ STATE ROAD 54,23048 STATE ROAD 54,LUTZ,FL,(813) 948-4040,
NAPLES @ GOLDEN GATE / 68TH ST,6800 GOLDEN GATE PARKWAY,NAPLES,FL,(239) 643-7546,
ST. PETERSBURG @ 4TH ST. NORTH,5900 4TH ST. N.,ST. PETERSBURG,FL,(727) 521-1500,
,,,,,
,,,,,
,,,,,
LAKELAND @ SOUTH FLORIDA AVE,4764 SOUTH FLORIDA AVE.,LAKELAND,FL,(863) 644-3030,
,,,,,
,,,,,
,,,,,
,,,,,
,,,,,
TAMPA @ WEST HILLSBOROUGH AVE,11252 WEST HILLSBOROUGH AVE.,TAMPA,FL,(813) 814-1414,
WINTER GARDEN,3029 DANIELS RD.,WINTER GARDEN,FL,(407) 877-0680,
,,,,,
WINTER PARK @ ORLANDO / WEBSTER,"501 NORTH ORLANDO AVE., UNIT #219",WINTER PARK,FL,(407) 628-9307,
,,,,,
SAN ANTONIO - BABCOCK RD.,5803 BABCOCK RD,SAN ANTONIO,TX,(210) 202-3139,
GAITHERSBURG - COPLEY PLACE,314 COPLEY PLACE,GAITHERSBURG,MD,(301) 944-5734,
DECATUR - COVINGTON HWY,6088 COVINGTON HIGHWAY,DECATUR,GA,(770) 308-0238,
ORO VALLEY,8850 N ORACLE RD,ORO VALLEY,AZ,(520) 918-4386,
MESA - N. POWER RD.,2605 NORTH POWER ROAD,MESA,AZ,(480) 296-0242,
PLANTATION - S. UNIVERSITY DR.,1041 SOUTH UNIVERSITY DR,PLANTATION,FL,(954) 646-5971,
,,,,,
MT PROSPECT PLAZA,1145 MT PROSPECT PLAZA,MT PROSPECT,IL,(847) 463-9295,
PLAYA VISTA,5570 LINCOLN BLVD,PLAYA VISTA,CA,(310) 881-3460,
CRANSTON,190 HILLSIDE RD,CRANSTON,RI,(401) 854-0330,
MORENO VALLEY - EUCALYPTUS AVE.,27610 EUCALYPTUS AVE,MORENO VALLEY,CA,(951) 571-8039,
ATLANTA-PEACHTREE RD,3535 PEACHTREE ROAD NE SUITE 300,ATLANTA,GA,(404) 389-1143,
,,,,,
LEXINGTON-WELLINGTON WAY,1028 WELLINGTON WAY,LEXINGTON,KY,(859) 219-9558,
LEXINGTON-BLAKE JAMES DR,3001 BLAKE JAMES DR,LEXINGTON,KY,(859) 269-2492,
,,,,,
,,,,,
LOUISVILLE-SHELBYVILLE RD,4900 SHELBYVILLE ROAD,LOUISVILLE,KY,(502) 894-9911,
LOUISVILLE-TAYLORSVILLE RD,4620 TAYLORSVILLE ROAD,LOUISVILLE,KY,(502) 671-8233,
BELLEVUE-FAIRFIELD AVE,119 FAIRFIELD AVE STE 200,BELLEVUE,KY,(859) 957-2700,
,,,,,
FLORENCE-MEIJER DR,430 MEIJER DRIVE,FLORENCE,KY,(859) 746-9201,
,,,,,
CHARLOTTE-COPPER WAY,12325 COPPER WAY,CHARLOTTE,NC,(704) 247-9090,
WESTLAKE - CROCKER PARK,131 MARKET STREET,WESTLAKE,OH,(440) 892-4653,
LYNDHURST - LEGACY VILLAGE,25145 CEDAR ROAD,LYNDHURST,OH,(216) 291-8555,
,,,,,
,,,,,
,,,,,
KENWOOD/MONTGOMERY RD,8129 MONTGOMERY ROAD,CINCINNATI,OH,(513) 791-4444,
WEST CHESTER - UNION CENTRE,9282 ALLEN ROAD,WEST CHESTER,OH,(513) 895-4653,
,,,,,
COLUMBUS-BRITTON PKWY,5750 BRITTON PARKWAY,COLUMBUS,OH,(614) 339-1343,
COLUMBUS-GRACELAND BLVD,260 GRACELAND BLVD,COLUMBUS,OH,(614) 310-0770,
COLUMBUS-GOODALE BLVD,850 GOODALE BLVD,COLUMBUS,OH,(614) 643-0070,
GROVE CITY-BUCKEYE HWY,4178 BUCKEYE PARKWAY,GROVE CITY,OH,(614) 317-9961,
HILLIARD-TANGLEWOOD PARK BLVD,1800 TANGLEWOOD PARK BLVD,HILLIARD,OH,(614) 850-8888,
COLUMBUS OLD HAMILTON RD,5959 OLD HAMILTON RD,COLUMBUS,OH,(614) 476-4653,
COLUMBUS-POLARIS PKWY,2100 POLARIS PARKWAY,COLUMBUS,OH,(614) 430-9210,
POWELL-SAWMILL DR,3474 SAWMILL DRIVE,POWELL,OH,(614) 336-7774,
BEAVERCREEK AT THE GREENE,4494 WALNUT STREET,BEAVERCREEK,OH,(937) 427-0700,
MAUMEE-CONANT ST,1361 CONANT STREET,MAUMEE,OH,(419) 482-7740,
TOLEDO-HOLLAND SYLVANIA RD,2859 N HOLLAND SYLVANIA ROAD,TOLEDO,OH,(419) 535-6669,
PITTSBURGH-PENN AVE (Signature),6425 PENN AVE,PITTSBURGH,PA,(412) 204-0055,
,,,,,
,,,,,
,,,,,
FARMINGTON,1600  SOUTHEAST ROAD,FARMINGTON,CT,(860) 321-2062,
,,,,,
,,,,,
,,,,,
"BROOKLYN CTR- SHINGLE CREEK, MN",1500 SHINGLE CREEK CROSSING,BROOKLYN CENTER,MN,(763) 567-2037,
WEST PALM BEACH-S ROSEMARY AV,"700 S ROSEMARY AVE, UNIT 104",WEST PALM BEACH,FL,(561) 402-8202,
MIAMI - W. FLAGLER ST,9291 W FLAGLER ST,MIAMI,FL,(305) 925-0868,
MELBOURNE - WICKHAM RD.,2447 N WICKHAM RD SUITE 102,MELBOURNE,FL,(321) 216-2280,
,,,,,
WEST COVINA - E. GARVEY AVE.,3101 E. GARVEY AVE. N.,WEST COVINA,CA,(626) 251-2133,
GLENDALE - BRAND BLVD.,144 S BRAND BLVD,GLENDALE,CA,(818) 638-1762,
STERLING HEIGHTS - MOUND RD.,44777 MOUND ROAD,STERLING HEIGHTS,MI,(586) 930-0008,
PASADENA - ROSEMEAD BLVD.,355 N ROSEMEAD BLVD,PASADENA,CA,(626) 264-9138,
"SPRINGFIELD-WABASH AVE, IL",2501 WABASH AVE,SPRINGFIELD,IL,(217) 801-9007,
FARMINGVILLE (Signature),2280 NORTH OCEAN AVE SUITE A,FARMINGVILLE,NY,(631) 496-3009,
DELRAY BEACH,1660 S FEDERAL HIGHWAY,DELRAY BEACH,FL,(561) 270-1001,
STATEN ISLAND - RICHMOND AVE. (Signature),3231 RICHMOND AVE,STATEN ISLAND,NY,(718) 569-5882,
,,,,,
HOUSTON TX - N SHEPHERD DR,4412 NORTH SHEPHERD DRIVE,HOUSTON,TX,(713) 904-7543,
"WEST CHESTER-PAOLI PIKE, PA",975 PAOLI PIKE,WEST CHESTER,PA,(610) 235-2788,
BLOOMINGTON,2103 NORTH VETERANS PARKWAY,BLOOMINGTON,IL,(309) 319-9040,
AUSTIN - ANDERSON LANE,2020 W ANDERSON LANE,AUSTIN,TX,(512) 831-3393,
AUSTIN - S. LAMAR BLVD.,4001 S LAMAR BLVD,AUSTIN,TX,(512) 652-5779,
CLINTON TOWNSHIP,17500 HALL ROAD,CLINTON TOWNSHIP,MI,(586) 913-8587,
NOBLESVILLE - MERCANTILE BLVD.,16640 MERCANTILE BLVD,NOBLESVILLE,IN,(317) 774-0900,
LITTLE ROCK - S. UNIVERSITY AVE,304 S UNIVERSITY AVE,LITTLE ROCK,AR,(501) 707-3561,
,,,,,
ORANGE PARK - BLANDING BLVD.,"661 BLANDING BLVD, SUITE 800",ORANGE PARK,FL,(904) 579-2329,
CHANDLER - ARIZONA AVE,3985 S ARIZONA AVE,CHANDLER,AZ,(480) 426-7819,
,,,,,
,,,,,
MANASSAS,9946 LIBERIA AVE,MANASSAS,VA,(703) 334-0439,
TOWSON,435 YORK ROAD #300,TOWSON,MD,(410) 842-1872,
GROSSE POINTE WOODS,22327 MOROSS ROAD,DETROIT,MI,(313) 732-9188,
BURIEN,14905 4TH AVE. SW,BURIEN,WA,(206) 701-3446,
HOUSTON - YALE AND KATY FWY.,195 YALE ST,HOUSTON,TX,(713) 401-2840,
CHICAGO IL - N. BROADWAY,6107 NORTH BROADWAY STREET,CHICAGO,IL,(773) 250-1708,
OWINGS MILLS,10040 REISTERSTOWN ROAD,OWINGS MILLS,MD,(443) 641-0138,
BARRIE - LIVE EIGHT WAY (Premier Plus),149 LIVE EIGHT WAY,BARRIE,ON,(705) 302-2371,
INDIANAPOLIS - E. WASHINGTON ST,9529 EAST WASHINGTON STREET,INDIANAPOLIS,IN,(317) 829-0022,
MARLBORO,50 WATKINS PARK DRIVE,UPPER MARLBORO,MD,(301) 909-7669,
,,,,,
,,,,,
"SPRINGFIELD TOWN CENTER, VA",6565 SPRINGFIELD MALL,SPRINGFIELD,VA,(703) 682-2861,
ORLANDO METRO WEST,4792 S. KIRKMAN ROAD,ORLANDO,FL,(407) 362-0645,
BOWIE,15401 EMERALD WAY,BOWIE,MD,(301) 867-6623,
DECATUR - CHURCH ST,1496 CHURCH ST,DECATUR,GA,(404) 267-2723,
LARGO - MISSOURI AVE.,1229 MISSOURI AVE N,LARGO,FL,(727) 559-2001,
CHICAGO - KEDZIE AVE,5559 S KEDZIE AVE,CHICAGO,IL,(312) 288-3048,
GLENDALE HEIGHTS,265 EAST ARMY TRAIL ROAD,GLENDALE HEIGHTS,IL,(630) 893-0600,
,,,,,
,,,,,
QUEENS - SOUTH CONDUIT (Signature),"133-40 79TH STREET, UNIT B",HOWARD BEACH,NY,(347) 817-7632,
PORT ORANGE,1810 DUNLAWTON AVE,PORT ORANGE,FL,(386) 682-2509,
,,,,,
WARWICK - BALD HILL RD.,1500 BALD HILL ROAD,WARWICK,RI,(401) 773-2933,
NIAGARA FALLS - CANADA (Premier Plus),6767 MORRISON ST,NIAGARA FALLS,ON,(289) 932-3584,
LITTLE ROCK - CHENAL PKWY,11700 CHENAL PARKWAY,LITTLE ROCK,AR,(501) 707-1121,
PORT ST LUCIE - ST LUCIE W BLVD,1367 NW ST LUCIE WEST BLVD,PORT ST LUCIE,FL,(772) 224-3950,
AMHERST,3040 SHERIDAN DRIVE,AMHERST,NY,(716) 541-0648,
ROUND ROCK - RURAL RD. 620,16600 N RM 620 ROAD,ROUND ROCK,TX,(512) 765-7734,
GLENVIEW - WILLOW RD.,3880 WILLOW ROAD,GLENVIEW,IL,(847) 597-4373,
SCARBOROUGH-WILLIAM KITCHEN RD (Premier Plus),"33 WILLIAM KITCHEN RD, BUILDING J UNIT 5",SCARBOROUGH,ON,(647) 556-1418,
EDMONTON - 186TH ST. NW (Premier Plus),10167 186TH ST NW,EDMONTON,AB,(780) 666-4150,
,,,,,
,,,,,
,,,,,
,,,,,
SAN ANTONIO - NW LOOP 410,7427 NW LOOP 410,SAN ANTONIO,TX,(210) 527-8499,
STRATFORD,411 BARNUM AVE CUT-OFF,STRATFORD,CT,(203) 212-5491,
,,,,,
COLUMBUS - EAST BROAD ST.,6585 EAST BROAD STREET,COLUMBUS,OH,(614) 892-7092,
CUYAHOGA FALLS,1969 PORTAGE TRAIL,CUYAHOGA FALLS,OH,(330) 622-4111,
RIVERSIDE - MAGNOLIA AVE,10988 MAGNOLIA AVE,RIVERSIDE,CA,(951) 774-4267,
EDMONTON - CALGARY TRAIL NW (Premier Plus),4223 CALGARY TRAIL,EDMONTON,AB,(780) 666-4149,
TORONTO - DANFORTH AVE (Premier Plus),3003 DANFORTH AVE UNIT 40-42,TORONTO,ON,(647) 557-9963,
CHICAGO - S. MARTIN LUTHER KING,3435 SOUTH DR MARTIN LUTHER KING JR DRIVE,CHICAGO,IL,(312) 821-7972,
BURLINGTON - BRANT ST. (Premier Plus),1326 BRANT ST,BURLINGTON,ON,(289) 812-0617,
,,,,,
N. LITTLE ROCK-LAKEWOOD VILLAGE,2939 LAKEWOOD VILLAGE DR,N. LITTLE ROCK,AR,(501) 708-0878,
,,,,,
MARKHAM - WOODBINE AVE (Premier Plus),8555 WOODBINE AVE,MARKHAM,ON,(289) 301-4273,
TUALATIN,7405 SW NYBERG STREET,TUALATIN,OR,(503) 404-0126,
GLASSBORO,731 DELSEA DRIVE N.,GLASSBORO,NJ,(856) 556-1071,
CAMBRIDGE (Premier Plus),90 PINEBUSH RD,CAMBRIDGE,ON,(226) 533-9674,
CLARK (Signature),1255 RARITAN RD SUITE 720,CLARK,NJ,(732) 943-9008,
ALEXANDRIA - BEULAH ST,7867 HENESKA LOOP,ALEXANDRIA,VA,(571) 302-8389,
AUSTELL - AUSTELL RD,"3999 AUSTELL ROAD, SUITE 101",AUSTELL,GA,(678) 224-9091,
AURORA - BAYVIEW AVE (Premier Plus),15650 BAYVIEW AVENUE,AURORA,ON,(289) 648-3973,
WEBSTER,929 HOLT ROAD,WEBSTER,NY,(585) 236-4359,
LARGO E BAY DRIVE,5320 EAST BAY DRIVE,CLEARWATER,FL,(727) 451-9650,
HAMBURG - MCKINLEY PARKWAY,3701 MCKINLEY PARKWAY,BLASDELL,NY,(716) 249-3190,
LAKELAND - US HWY 64,8864 US HIGHWAY 64,LAKELAND,TN,(901) 291-1113,
MEMPHIS - POLO GROUNDS BLVD,7630 POLO GROUNDS BLVD,MEMPHIS,TN,(901) 291-1101,
EDMONTON - 167TH AVE. NW (Premier Plus),12410 167 AVENUE NW,EDMONTON,AB,(780) 666-4155,
NORTH YORK - YONGE ST (Signature),4861 YONGE ST,TORONTO,ON,(437) 886-6211,
MELBOURNE - HOLLYWOOD BLVD,4454 HOLLYWOOD BLVD,WEST MELBOURNE,FL,(321) 373-0049,
,,,,,
BUFFALO - DELAWARE AVE,69 DELAWARE AVENUE,BUFFALO,NY,(716) 845-6660,
,,,,,
,,,,,
,,,,,
,,,,,
,,,,,
,,,,,
,,,,,
,,,,,
,,,,,
BOTHELL - 220TH ST SE,1629 220TH ST SE,BOTHELL,WA,(425) 483-3330,
,,,,,
SEATTLE - 31ST AVE NE,12015 31ST AVE NE,SEATTLE,WA,(206) 417-4715,
,,,,,
KIRKLAND - JUANITA DR,14130 JUANITA DRIVE NE,KIRKLAND,WA,(425) 821-6004,
WINSTON-SALEM STRATFORD RD,240 HARVEY STREET,WINSTON-SALEM,NC,(336) 934-8520,
MISSISSAUGA - DIXIE RD (Premier Plus),"3100 DIXIE ROAD, UNIT 14A",MISSISSAUGA,ON,(289) 724-0135,
KISSIMMEE,1750 BALL PARK ROAD,KISSIMMEE,FL,(407) 452-3064,
"BROOKLYN - TIEDEMAN, OH",5000 TIEDEMAN ROAD,BROOKLYN,OH,(216) 912-1537,
BATON ROUGE - PERKINS ROWE,10000 PERKINS ROWE,BATON ROUGE,LA,(225) 663-7969,
DULUTH - PLEASANT HILL RD,1625 PLEASANT HILL RD # 245,DULUTH,GA,(678) 259-2309,
CHICAGO - W. PERSHING RD,2620 W PERSHING ROAD,CHICAGO,IL,(872) 444-3746,
BALDWIN PARK - E GARVEY AVE,13822 GARVEY AVE,BALDWIN PARK,CA,(626) 521-5293,
BRADENTON - CORTEZ RD. WEST,1005 CORTEZ ROAD WEST,BRADENTON,FL,(941) 251-8148,
SAN ANTONIO - BULVERDE RD,17138 AUTRY POND RD,SAN ANTONIO,TX,(210) 547-3400,
WASHINGTON DC - CONNECTICUT AVE,1101 CONNECTICUT AVE NW,WASHINGTON,DC,(202) 331-7788,
CUMMING,540 LAKELAND PLAZA,CUMMING,GA,(678) 208-3049,
MELBOURNE - NEW HAVEN AVE,1700 WEST NEW HAVEN #201-D,MELBOURNE,FL,(321) 373-0038,
WHITBY TAUNTON RD (Premier Plus),350 TAUNTON ROAD EAST,WHITBY,ON,(289) 645-2863,
SLIDELL,390 TOWN CENTER PARKWAY,SLIDELL,LA,(985) 718-3095,
ROSEVILLE - GRATIOT AVE,31055  GRATIOT AVE,ROSEVILLE,MI,(586) 298-3030,
PARAMUS ROUTE 17 (Signature),240 ROUTE 17 N,PARAMUS,NJ,(201) 576-8093,
GARDEN CITY PARK (Signature),2350 JERICHO TURNPIKE,GARDEN CITY PARK,NY,(516) 418-5017,
,,,,,
SAN ANTONIO - NORTH LOOP 1604,1339 N. LOOP 1604 W.,SAN ANTONIO,TX,(210) 254-1597,
NATICK,1 DEAN ROAD (SHERWOOD PLAZA),NATICK,MA,(508) 318-4073,
PAWTUCKET,615 PAWTUCKET AVE,PAWTUCKET,RI,(401) 834-1397,
"NEW LENOX, IL",2431 EAST LINCOLN HIGHWAY,NEW LENOX,IL,(815) 320-5085,
AGOURA HILLS (Signature),5075 ROADSIDE RD,AGOURA HILLS,CA,(747) 212-9535,
MISSISSAUGA - VEGA BLVD (Premier Plus),3055 VEGA BLVD,MISSISSAUGA,ON,(289) 814-0399,
MIAMI - BIRD RD,8310 BIRD ROAD,MIAMI,FL,(786) 358-0525,
WEST ST. PAUL,1611 ROBERT ST,WEST ST PAUL,MN,(612) 913-5792,
ROCK HILL,745 ARDEN LANE,ROCK HILL,SC,(803) 818-3368,
BATON ROUGE - SIEGEN LN,6474 SIEGEN LN,BATON ROUGE,LA,(225) 663-4191,
MCKINNEY - CUSTER RD,9050 FALCON VIEW DRIVE,MCKINNEY,TX,(469) 352-9399,
AUSTIN - SLAUGHTER LANE,1824 W SLAUGHTER LANE,AUSTIN,TX,(512) 593-4445,
WALDORF,2916 FESTIVAL WAY,WALDORF,MD,(240) 530-8102,
STATEN ISLAND - FOREST AVE (Signature),1565 FOREST AVE,STATEN ISLAND,NY,(917) 722-2604,
TAMPA - CYPRESS PRESERVE DR,5225 CYPRESS PRESERVE DRIVE,TAMPA,FL,(813) 337-0966,
MARLTON,1051 ROUTE 73 NORTH,MARLTON,NJ,(856) 452-9003,
KEARNY (Signature),175 PASSAIC AVE,KEARNY,NJ,(201) 283-9703,
,,,,,
FRISCO - DALLAS PKWY,5080 MAIN ST,FRISCO,TX,(469) 535-2506,
,,,,,
POMPANO BEACH,1000 NORTH FEDERAL HIGHWAY,POMPANO BEACH,FL,(954) 366-2569,
,,,,,
WEST ORANGE - PROSPECT,471 PROSPECT AVE,WEST ORANGE,NJ,(862) 233-8027,
MEMPHIS RIDGEWAY RD,1285 RIDGEWAY ROAD,MEMPHIS,TN,(901) 291-1114,
HUNTINGTON BEACH SEACLIFF,19330 GOLDENWEST ST,HUNTINGTON BEACH,CA,(657) 464-2464,
ELMHURST,620 NORTH YORK ST,ELMHURST,IL,(630) 491-0112,
SAN ANTONIO - W. LOOP 1604,522 WEST 1604 NORTH,SAN ANTONIO,TX,(210) 714-9783,
SACHSE,7720 HIGHWAY 78,SACHSE,TX,(469) 209-8366,
WEST SENECA,1012 UNION RD,WEST SENECA,NY,(716) 324-2476,
,,,,,
SUGAR HILL,6025 CUMMING HIGHWAY,SUGAR HILL,GA,(470) 202-9109,
BARRIE - CUNDLES RD. E. (Premier Plus),527 CUNDLES ROAD EAST BUILDING D,BARRIE,ON,(705) 302-2365,
SAN BERNARDINO HOSPITALITY LN,555 E HOSPITALITY LANE,SAN BERNARDINO,CA,(909) 219-8501,
ASPEN HILL,2219 BEL PRE ROAD,SILVER SPRING,MD,(301) 348-3650,
HUNTINGTON STATION (Signature),305 W. JERICHO TURNPIKE,HUNTINGTON STATION,NY,(631) 683-3000,
KING OF PRUSSIA - VILLAGE DR,200 VILLAGE DR,KING OF PRUSSIA,PA,(215) 716-9093,
MENIFEE,29737 ANTELOPE RD,MENIFEE,CA,(951) 309-9017,
,,,,,
,,,,,
PLYMOUTH,41128 ANN ARBOR RD E,PLYMOUTH,MI,(734) 259-4370,
TORONTO - KEELE ST (Premier Plus),43 JUNCTION ROAD,TORONTO,ON,(437) 888-1139,
TACOMA PACIFIC,15707 PACIFIC AVE S,TACOMA,WA,(253) 944-9104,
,,,,,
OXNARD - CHANNEL ISLAND BLVD,1361 CHANNEL ISLANDS BLVD,OXNARD,CA,(805) 200-4855,
MISSISSAUGA - ETOBICOKE CREEK (Premier Plus),"5077 DIXIE RD., BLDG. C",MISSISSAUGA,ON,(289) 724-1094,
LODI (Signature),199 MAIN ST,LODI,NJ,(551) 245-9486,
SEMINOLE - PARK BLVD,7635 113TH STREET,SEMINOLE,FL,(727) 440-8065,
,,,,,
,,,,,
,,,,,
,,,,,
,,,,,
,,,,,
,,,,,
,,,,,
,,,,,
,,,,,
,,,,,
,,,,,
HOWELL,90 LANES MILL ROAD,HOWELL,NJ,(848) 222-2010,
BROOKHAVEN-EDGMONT AVE,4900 EDGMONT AVE,BROOKHAVEN,PA,(484) 768-8216,
JACKSONVILLE-OLD ST. AUGUSTINE,"11250 OLD ST AUGUSTINE RD, SUITE 16",JACKSONVILLE,FL,(904) 512-0551,
SAN BERNARDINO-UNIVERSITY PKWY,4404 UNIVERSITY PARKWAY,SAN BERNARDINO,CA,(909) 352-4147,
NORWALK - IMPERIAL HWY,12545 IMPERIAL HIGHWAY,NORWALK,CA,(562) 202-5723,
DOWNTOWN LA BLOC - FLOWER ST.,700  W 7TH STREET SUITE G300,LOS ANGELES,CA,(213) 624-3933,
ARLINGTON HEIGHTS - PALATINE RD,345 EAST PALATINE ROAD,ARLINGTON HEIGHTS,IL,(224) 318-1447,
BOCA RATON - BERACASA WAY,7060 BERACASA WAY,BOCA RATON,FL,(561) 409-8098,
ROSWELL-HWY 92/HARDSCRABBLE RD,1045 WOODSTOCK ROAD,ROSWELL,GA,(770) 375-4351,
NORTH RICHLAND HILLS,9128 NORTH TARRANT PARKWAY,NORTH RICHLAND HILLS,TX,(682) 334-8094,
TARZANA (Signature),18620 VENTURA BLVD,TARZANA,CA,(818) 650-9042,
MISSISSAUGA-HURONTARIO/EGLINTON (Premier Plus),4561 HURONTARIO STREET,MISSISSAUGA,ON,(647) 243-5081,
ROUND ROCK - PALM VALLEY BLVD,1000 N. AW GRIMES BLVD,ROUND ROCK,TX,(512) 652-2271,
NORCROSS - PEACHTREE CORNERS,6131 PEACHTREE PARKWAY,PEACHTREE CORNERS,GA,(470) 282-0915,
BARTLETT - STAGE RD,6050 STAGE ROAD,BARTLETT,TN,(901) 203-0391,
SARASOTA - SOUTHGATE MALL,3501 S TAMIAMI TRAIL,SARASOTA,FL,(941) 960-8730,
AUBURN - AUBURN WAY N,1347 AUBURN WAY NORTH,AUBURN,WA,(253) 263-8049,
NORTHRIDGE - BALBOA BLVD,8400 BALBOA BLVD,NORTHRIDGE,CA,(818) 457-3863,
NEWBURY PARK (Signature),3057 GRANDE VISTA DRIVE,NEWBURY PARK,CA,(805) 716-8727,
UNION (Signature),1235 WEST CHESTNUT ST,UNION,NJ,(908) 468-2919,
NORTH BABYLON (Signature),1230 DEER PARK AVE,NORTH BABYLON,NY,(631) 306-8102,
TEMECULA PARKWAY,29920 TEMECULA PARKWAY,TEMECULA,CA,(951) 365-2097,
CHEEKTOWAGA,"3737 UNION ROAD, SUITE 7",CHEEKTOWAGA,NY,(716) 391-9110,
,,,,,
,,,,,
,,,,,
DUNEDIN,1681 MAIN ST,DUNEDIN,FL,(727) 601-0822,
CORDOVA,773 N GERMANTOWN PARKWAY,CORDOVA,TN,(901) 203-3362,
BEAR,900 EDEN CIRCLE,BEAR,DE,(302) 440-1378,
LAKELAND-LAKELAND PARK CENTER,833 LAKELAND PARK CENTER DRIVE,LAKELAND,FL,(863) 213-1301,
MEMPHIS - OAK COURT,4572 POPLAR AVE,MEMPHIS,TN,(901) 203-5361,
COLLIERVILLE (Signature),1088 W POPLAR AVE,COLLIERVILLE,TN,(901) 610-4176,
CLIFTON - ACKERMAN AVE (Signature),87 ACKERMAN AVE,CLIFTON,NJ,(862) 225-2023,
,,,,,
KISSIMMEE - OSCEOLA PKWY,1980 OSCEOLA PKWY,KISSIMMEE,FL,(407) 874-1134,
CHELTENHAM,2401 CHELTENHAM AVE SUITE M3,CHELTENHAM,PA,(267) 536-5228,
GILBERT - S. HIGLEY/LOOP 202,1310 S HIGLEY ROAD,GILBERT,AZ,(480) 448-4743,
PALM BEACH GARDENS-DONALD ROSS (Signature),5260 DONALD ROSS RD,PALM BEACH GARDENS,FL,(561) 223-6331,
,,,,,
BROOMALL (Signature),2170 WEST CHESTER PIKE,BROOMALL,PA,(484) 427-2045,
SANFORD,300 W LAKE MARY BLVD,SANFORD,FL,(321) 275-1144,
LAWRENCE NY (Signature),345 ROCKAWAY TURNPIKE,LAWRENCE,NY,(516) 758-2994,
LAKEWOOD RANCH,11661 SR 70 E,LAKEWOOD RANCH,FL,(941) 799-5536,
ANN ARBOR - N. MAPLE RD. (Signature),155 N MAPLE RD,ANN ARBOR,MI,(734) 821-4976,
LOMBARD,575 EAST ROOSEVELT ROAD,LOMBARD,IL,(630) 576-1662,
,,,,,
CEDAR PARK - WHITESTONE BLVD,825 W WHITESTONE BLVD,CEDAR PARK,TX,(512) 546-6263,
,,,,,
ORLANDO - GOLDENROD RD. AT 408 (Presale),7359 LAKE UNDERHILL ROAD,ORLANDO,FL,(407) 517-5237,
,,,,,
LIVONIA - NORTH,29659 7 MILE RD,LIVONIA,MI,(734) 772-9590,
SAN TAN VALLEY,40885 N. IRONWOOD DRIVE,SAN TAN VALLEY,AZ,(480) 448-4744,
CLEARWATER - GULF TO BAY BLVD,2134 GULF TO BAY BLVD,CLEARWATER,FL,(727) 431-4090,
SPRING - KUYKENDAHL RD (Signature),21720 KUYKENDAHL,SPRING,TX,(832) 702-8085,
,,,,,
TACOMA - S 72ND ST,1905B SOUTH 72ND STREET,TACOMA,WA,(253) 533-9387,
MUKILTEO SPEEDWAY - LYNNWOOD,13619 MUKILTEO SPEEDWAY,LYNNWOOD,WA,(206) 480-1103,
,,,,,
HOUSTON - GESSNER/KEMPWOOD DR,2740 GESSNER RD,HOUSTON,TX,(346) 561-0360,
STATEN ISLAND - HYLAN BLVD (Signature) (Presale),2626 HYLAN BLVD SUITE 3,STATEN ISLAND,NY,(929) 202-2005,
"PASADENA, TX",6793 SPENCER HWY,PASADENA,TX,(281) 241-5699,
BALTIMORE - EASTERN AVE (Presale),6500 EASTERN AVE STE B,BALTIMORE,MD,(443) 853-8315,
SHELBY (Signature),7500 26 MILE RD,SHELBY TOWNSHIP,MI,(586) 935-0053,
,,,,,
"LAWRENCEVILLE, GA",600 GWINNETT DR,LAWRENCEVILLE,GA,(470) 222-2009,
ROCHESTER - EAST AVE (Signature),78 ROCKWOOD ST,ROCHESTER,NY,(585) 510-6265,
,,,,,
,,,,,
LONGWOOD,200 S. HWY 17-92,LONGWOOD,FL,(321) 203-5056,
,,,,,
,,,,,
,,,,,
COPPELL (Signature),250 W STATE HIGHWAY 121,COPPELL,TX,(469) 312-5351,
,,,,,
DALLAS - ILLINOIS AVE,655 W ILLINOIS AVE STE 500,DALLAS,TX,(469) 518-9351,
,,,,,
CAROL STREAM,470 E NORTH AVE,CAROL STREAM,IL,(630) 580-1373,
BRICK,1 BRICK PLAZA,BRICK,NJ,(732) 746-0824,
SANTA ANA - 17TH ST,1945 E 17TH STREET SUITE UNIT 103,SANTA ANA,CA,(714) 558-9700,
,,,,,
SPRING - RAYFORD RD (Signature),3570 HARMONY COMMONS DRIVE,SPRING,TX,(832) 403-2913,
,,,,,
HERNDON (Signature) (Presale),388 ELDEN STREET,HERNDON,VA,(571) 500-5730,
,,,,,
WESTMONT (Signature) (Presale),66 WEST 63RD ST,WILLOWBROOK,IL,(630) 239-2370,
,,,,,
ALIANA (Signature),19409 W BELLFORT ST,RICHMOND,TX,(346) 239-7748,
NILES - TOUHY AVE (Signature) (Presale),5697 W TOUHY AVE,NILES,IL,(773) 993-1114,
LEON VALLEY,5601 BANDERA RD,LEON VALLEY,TX,(210) 682-8086,
W BOYNTON BEACH BLVD (Signature) (Presale),6601 BOYNTON BEACH BLVD,BOYNTON BEACH,FL,(561) 770-8395,
NAPERVILLE RTE 59 (Signature),3116 SOUTH ROUTE 59 SUITE 160,NAPERVILLE,IL,(331) 226-0566,
TOMS RIVER HOOPER AVE,1207 HOOPER AVE,TOMS RIVER,NJ,(732) 244-7154,
CLIFFWOOD RTE 35 (Signature) (Presale),317 RT 35,CLIFFWOOD,NJ,(732) 231-2409,
,,,,,
,,,,,
,,,,,
ASHBURN (Signature) (Presale),43200 BROADLANDS CENTER PLAZA,ASHBURN,VA,(703) 936-8412,
PHILADELPHIA - COTTMAN AVE,2327 COTTMAN AVE,PHILADELPHIA,PA,(267) 668-1467,
,,,,,
KATY - CINCO RANCH,26726 FM 1093,RICHMOND,TX,(346) 707-1602,
,,,,,
,,,,,
,,,,,
,,,,,
,,,,,
,,,,,
,,,,,
,,,,,
,,,,,
,,,,,
,,,,,
,,,,,
,,,,,
,,,,,
FRISCO - CUSTER RD (Signature) (Presale),8720 STATE HWY 121 STE 126,MCKINNEY,TX,(214) 272-6831,
